checkpoint,iteration,role,episodes,survived,survival,steps_mean,steps_median,steps_min,steps_max,max_steps,final_tipped_mean,drift_mean,reward_mean,reward_per_step_mean,trainer_reward_per_step,term_survived,term_tipped,term_collapsed,peak_frac_of_limit,mean_frac_of_limit,saturation_worst,flags,peak_nmm[hip_roll_l],peak_nmm[hip_roll_r],peak_nmm[hip_pitch_l],peak_nmm[hip_pitch_r],peak_nmm[knee_l],peak_nmm[knee_r],peak_nmm[ankle_l],peak_nmm[ankle_r],peak_nmm[ankle_roll_l],peak_nmm[ankle_roll_r],mean_nmm[hip_roll_l],mean_nmm[hip_roll_r],mean_nmm[hip_pitch_l],mean_nmm[hip_pitch_r],mean_nmm[knee_l],mean_nmm[knee_r],mean_nmm[ankle_l],mean_nmm[ankle_r],mean_nmm[ankle_roll_l],mean_nmm[ankle_roll_r],above90pct[hip_roll_l],above90pct[hip_roll_r],above90pct[hip_pitch_l],above90pct[hip_pitch_r],above90pct[knee_l],above90pct[knee_r],above90pct[ankle_l],above90pct[ankle_r],above90pct[ankle_roll_l],above90pct[ankle_roll_r]
stand9.000100.cxpolicy,99,checkpoint,48,4,0.0833,159.04,96.5,16,600,600,0.14627,64.988,53.276,-0.05238,0.0007921330980025232,4,44,0,0.8912,0.2679,0.0,,76.458,72.711,35.894,34.173,36.34,36.034,74.137,76.639,63.958,64.044,23.039,22.796,6.435,6.097,18.698,11.903,17.77,18.441,18.452,21.065,0.0,0.0,0.0,0.0,0.0,0.0,0.0,0.0,0.0,0.0
stand9.000200.cxpolicy,199,checkpoint,48,9,0.1875,208.23,115.5,14,600,600,0.13704,64.922,94.023,0.04727,0.2166306972503662,9,39,0,0.9635,0.2777,0.02217,,81.089,79.247,70.418,65.544,49.625,52.397,82.256,82.859,75.523,69.634,23.087,23.88,12.07,10.92,18.193,18.325,18.371,18.078,13.124,14.497,0.00069,0.00038,0.0,0.0,0.0,0.0,0.02164,0.02217,0.0,0.0
stand9.000300.cxpolicy,299,checkpoint,48,12,0.25,224.67,98.5,15,600,600,0.12589,61.858,111.408,0.1101,0.2846166789531708,12,36,0,0.9824,0.2662,0.03757,,78.876,81.531,76.036,68.075,63.645,52.597,83.967,84.484,75.493,72.859,22.892,22.861,12.966,11.828,17.353,10.742,20.222,20.351,15.843,16.156,0.00045,0.00529,0.0,0.0,0.0,0.0,0.03757,0.03269,0.0,0.0
stand9.000400.cxpolicy,399,checkpoint,48,14,0.2917,254.21,132.5,18,600,600,0.12103,62.737,121.838,0.17002,0.3069985806941986,14,34,0,0.9931,0.3017,0.04198,,79.612,82.908,76.328,74.564,67.933,58.055,85.25,85.404,69.977,70.86,24.93,25.947,15.429,12.729,16.107,10.569,21.543,21.388,14.796,14.812,0.00037,0.01662,0.0,0.0,0.0,0.0,0.04198,0.04053,0.0,0.0
stand9.000500.cxpolicy,499,checkpoint,48,15,0.3125,265.9,132.0,21,600,600,0.11326,62.965,116.613,0.15472,0.31211772561073303,15,33,0,0.9962,0.3219,0.04755,,81.394,83.323,73.583,71.1,66.317,61.685,85.57,85.67,68.298,66.102,24.612,27.682,21.756,13.666,19.866,14.98,25.698,23.394,14.513,15.071,0.00057,0.03077,0.0,0.0,0.0,0.0,0.04509,0.04755,0.0,0.0
stand9.best.cxpolicy,594,best,48,16,0.3333,269.9,131.0,24,600,600,0.10921,61.522,129.405,0.16355,0.3327437937259674,16,32,0,0.9979,0.3431,0.06898,,83.992,84.612,74.534,68.749,63.048,64.307,85.758,85.817,68.383,64.118,24.864,28.873,17.938,13.763,17.882,17.958,29.504,26.948,15.675,15.38,0.01294,0.06455,0.0,0.0,0.0,0.0,0.05303,0.06898,0.0,0.0
stand9.000600.cxpolicy,599,checkpoint,48,16,0.3333,270.4,132.5,24,600,600,0.11294,62.38,129.38,0.15882,0.3184082508087158,16,32,0,0.998,0.3541,0.06803,,83.838,84.427,71.21,68.53,62.059,65.479,85.755,85.829,68.774,63.488,23.644,28.122,16.291,13.826,16.903,18.033,30.455,28.264,15.432,15.332,0.00936,0.05912,0.0,0.0,0.0,0.0,0.05055,0.06803,0.0,0.0
stand9.000700.cxpolicy,699,checkpoint,48,17,0.3542,282.73,133.0,23,600,600,0.1081,66.543,134.286,0.16543,0.30997762084007263,17,31,0,0.9982,0.463,0.06915,,85.145,85.156,75.176,71.192,75.453,72.225,85.742,85.846,67.203,67.201,26.03,28.577,37.636,25.898,39.819,19.931,25.44,24.62,14.41,14.764,0.03695,0.06915,0.0,0.0,0.0,0.0,0.05632,0.06387,0.0,0.0
stand9.000800.cxpolicy,799,checkpoint,48,16,0.3333,270.94,134.0,21,600,600,0.11424,68.139,112.545,0.10083,0.29290539026260376,16,32,0,0.9992,0.5795,0.07812,hazard 15: a motor's MEAN command is 58% of its limit,85.448,85.707,75.533,67.49,82.025,80.878,85.737,85.929,75.257,60.802,33.143,34.29,39.791,30.791,49.833,33.089,27.852,29.937,19.065,14.906,0.04172,0.06769,0.0,0.0,0.04173,0.00379,0.05652,0.07812,0.0,0.0
stand9.000900.cxpolicy,899,checkpoint,48,16,0.3333,271.31,131.5,20,600,600,0.10961,78.362,96.714,0.05288,0.29360082745552063,16,32,0,0.9996,0.658,0.16728,hazard 15: a motor's MEAN command is 66% of its limit,85.747,85.841,78.234,76.824,84.264,84.164,85.765,85.967,78.82,64.079,36.909,34.253,42.888,34.025,56.591,38.028,35.705,40.8,20.724,19.029,0.06462,0.08438,3e-05,0.0,0.16728,0.02122,0.07246,0.13362,3e-05,0.0
stand9.001000.cxpolicy,999,checkpoint,48,15,0.3125,262.25,131.5,18,600,600,0.11155,80.165,83.799,-0.00966,0.26578688621520996,15,32,1,0.9995,0.6639,0.17047,hazard 15: a motor's MEAN command is 66% of its limit,85.583,85.847,80.784,76.897,84.626,85.143,85.807,85.957,78.633,66.396,42.634,40.668,48.01,41.316,57.094,48.179,34.12,40.275,21.99,18.161,0.06717,0.08879,0.00324,0.0,0.17047,0.09476,0.08962,0.12318,0.0011,0.0
stand9.001100.cxpolicy,1099,checkpoint,48,26,0.5417,375.73,600.0,29,600,600,0.07143,101.256,79.85,-0.04281,0.197316512465477,26,21,1,0.9996,0.6694,0.33152,hazard 15: a motor is above 90% of its limit on 33% of frames; hazard 15: a motor's MEAN command is 67% of its limit,85.692,85.905,82.739,80.934,84.528,85.712,85.873,85.965,73.721,72.633,47.299,49.356,46.227,40.989,50.805,57.57,38.274,48.184,21.562,23.751,0.06751,0.10416,0.00723,0.0005,0.09342,0.33152,0.08971,0.15292,0.0,0.0
stand9.001200.cxpolicy,1199,checkpoint,48,30,0.625,427.19,600.0,25,600,600,0.06173,104.706,99.11,0.00698,0.22094383835792542,30,18,0,0.9995,0.6861,0.34511,hazard 15: a motor is above 90% of its limit on 35% of frames; hazard 15: a motor's MEAN command is 69% of its limit,85.784,85.949,82.658,80.036,85.37,85.831,85.901,85.96,70.697,76.316,49.64,49.079,46.323,41.837,56.577,59.005,35.568,40.822,21.983,23.782,0.12619,0.13651,0.01106,0.00151,0.25902,0.34511,0.06567,0.11434,0.0,0.0
stand9.001300.cxpolicy,1299,checkpoint,48,36,0.75,482.56,600.0,24,600,600,0.03738,123.588,103.786,0.04003,0.2141190618276596,36,11,1,0.9996,0.7322,0.38227,hazard 15: a motor is above 90% of its limit on 38% of frames; hazard 15: a motor's MEAN command is 73% of its limit,85.918,85.966,82.788,81.566,85.781,85.895,85.897,85.968,70.772,75.459,47.078,48.871,48.492,38.981,62.969,54.957,43.737,52.101,16.125,22.666,0.09319,0.24117,0.0058,0.00299,0.38227,0.27797,0.08453,0.20141,0.0,0.0
stand9.001400.cxpolicy,1399,checkpoint,48,33,0.6875,452.17,600.0,30,600,600,0.04842,118.179,109.238,0.02925,0.23455820977687836,33,14,1,0.9996,0.7881,0.52772,hazard 15: a motor is above 90% of its limit on 53% of frames; hazard 15: a motor's MEAN command is 79% of its limit,85.941,85.961,83.244,80.367,85.829,85.888,85.898,85.967,64.877,79.644,50.622,50.913,51.058,43.988,67.777,57.811,55.778,55.056,16.94,24.719,0.1006,0.25472,0.00935,0.01028,0.52772,0.27615,0.20982,0.2515,0.0,0.00212
stand9.cxpolicy,1499,final,48,36,0.75,481.15,600.0,29,600,600,0.04101,108.047,135.747,0.08403,0.2748849391937256,36,12,0,0.9997,0.8278,0.61444,hazard 15: a motor is above 90% of its limit on 61% of frames; hazard 15: a motor's MEAN command is 83% of its limit,85.945,85.964,81.879,81.994,85.875,85.901,85.887,85.973,69.793,79.135,56.511,54.501,54.225,46.619,71.192,58.852,55.601,48.989,18.334,24.482,0.09431,0.24667,0.01631,0.00919,0.61444,0.26564,0.21815,0.17792,0.0,0.00031
